Negative ID,Original ID,Type,Helicity (AGADIR),Amphipathicity (uH),NCPR,Hydrophobicity (H),Length, pI,Sequence
NEG_Hel_001,DRAMP00036,Gut,0.4,0.06,0.1,0.57,34,8.64,ITSISLCTPGCKTGALMGCNMKTATCHCSIHVSK
NEG_Hel_002,DFBPAMIC0356,Food,0.4,0.25,0.14,0.34,36,11.38,RWKIFKKIEKVGQNIRDGIVKAGPAVAVVGQAATIG
NEG_Hel_003,DFBPAMIC0324,Food,0.3,0.14,0.11,0.61,40,8.53,HSHACTSYWCGKFCGTASCTHYLCRVLHPGKMCACVHCSR
NEG_Hel_004,DFBPAMIC0155,Food,0.1,0.37,0.07,0.63,19,11.38,FFRLLFHGVHHGGGYLNAA
NEG_Hel_005,DFBPAMIC0346,Food,0.9,0.26,0.13,0.53,39,8.75,GFGCPNNYACHQHCKSIRGYCGGYCAGWFRLRCTCYRCG
NEG_Hel_006,DFBPAMIC0035,Food,0.7,0.31,0.24,0.28,33,10.94,ICACRRRFCPNSERFSGYCRVNGARYVRCCSRR
NEG_Hel_007,DFBPAMIC0016,Food,0,0.33,0.16,0.58,38,9.63,GPLSCGRNGGVCIPIRCPVPMRQIGTCFGRPVKCCRSW
NEG_Hel_008,DFBPAMIC0321,Food,0.8,0.11,0.29,0.33,31,10.06,SCASRCKSRCRARRCRYYVSVRYGGFCYCRC
NEG_Hel_009,DFBPAMIC0099,Food,0.5,0.19,0.11,0.53,47,8.97,HSSGYTRPLRKPSRPIFIRPIGCDVCYGIPSSTARLCCFRYGDCCHL
NEG_Hel_010,NP03681,Neuropeptide,0.5,0.31,0.2,0.23,30,12.03,KMVQGSGCFGRKMDRISSSSGLGCKVLRRH
NEG_Hel_011,DFBPAMIC0174,Food,0.5,0.33,0.15,0.52,20,8.53,QSHLSLCRWCCNCCRSNKGC
NEG_Hel_012,DRAMP03547,AMP,0.2,0.11,0.2,-0.1,29,10.5,HNKQEGRDHDKSKGHFHRVVIHHKGGKAH
NEG_Hel_013,DFBPAMIC0197,Food,0.1,0.29,0.2,0.5,25,10.39,VYQHQKAMKPWIQPKTKVIPYVRYL
NEG_Hel_014,DFBPANOX1095,Food,0.1,0.06,0.06,0.04,18,12.25,QAGTGAGAGGGAGTKTSS
NEG_Hel_015,DFBPAMIC0001,Food,0.7,0.13,0.07,0.35,49,8.31,NLCERASLTWTGNCGNTGHCDTQCRNWESAKHGACHKRGNWKCFCYFNC
NEG_Hel_016,DRAMP03601,AMP,0.5,0.19,0.1,0.33,42,8.75,WYVKKCLNDVGICKKKCKPEEMHVKNGWAMCGKGRDCCVPAD
NEG_Hel_017,DFBPAMIC0175,Food,0.4,0.09,0.07,0.34,43,9.41,KYYGNGLSCNKSGCSVDWSKAISIIGNNAVANLTTGGAAGWKS
NEG_Hel_018,DFBPAMIC0080,Food,0.1,0.18,0.26,-0.08,19,10.72,PDPAKTAPKKGSKKAVTKA
NEG_Hel_019,DFBPAMIC0006,Food,0.3,0.2,0.23,0.46,40,12.03,VRNHVTCRINRGFCVPIRCPGRTRQIGTCFGPRIKCCRSW
NEG_Hel_020,DFBPAMIC0077,Food,0.8,0.12,0.29,0.31,34,9.84,GCASRCKAKCAGRRCKGWASASFRGRCYCKCFRC
NEG_Hel_021,DFBPAMIC0091,Food,0,0.1,0.26,0.48,39,13.56,RRRPRPPYLPRPRPPPFFPPRLPPRIPPGFPPRFPPRFP
NEG_Hel_022,NP03755,Neuropeptide,0.2,0.14,0.2,0.05,20,13.78,SFRNGVGTGMKKTSFQRAKS
NEG_Hel_023,DFBPAMIC0323,Food,0.7,0.03,0.14,0.74,36,8.75,VVTCGSLCKAHCTFRKCGYFMAVLYHGRCYCRCLLC
NEG_Hel_024,DRAMP03596,AMP,0.3,0.06,0.1,0.59,32,8.2,AFTCHCRRSCYSTEYSYGTCTVMGINHRFCCL
NEG_Hel_025,DFBPAMIC0173,Food,0.1,0.19,0.14,0.85,22,8.31,GIKCRFCCGCCTPGICGVCCRF
NEG_Hel_026,DFBPAMIC0037,Food,0.8,0.22,0.28,0.42,33,12.14,VVCACRRALCLPRERRAGFCRIRGRIHPLCCRR
NEG_Hel_027,DFBPAMIC0251,Food,0.5,0.08,0.16,0.34,31,10.72,GIFSKLGRKKIKNLLISGLKNVGKEVGMDVV
NEG_Hel_028,DRAMP03628,AMP,0.7,0.16,0.1,0.42,38,8.31,AVKDTYSCFIMRGKCRHECHDFEKPIGFCTKLNANCYM
NEG_Hel_029,DFBPAMIC0467,Food,0.2,0.46,0.37,0.38,27,13.78,GRFKRFRKKFKKLFKKLSPVIPLLHLG
NEG_Hel_030,DRAMP03580,AMP,0.5,0.21,0.2,-0.15,24,10.72,DSHAKRHHGYKRKFHEKHHSHRGY
NEG_Hel_031,DFBPANCA0081,Food,0.5,0.42,0.39,0.44,18,12.25,KWKLFKKISKFLHLAKKF
NEG_Hel_032,DFBPANCA0051,Food,0.3,0.42,0.11,0.78,20,12.25,FFGWLIKGAIHAGKAIHGLI
NEG_Hel_033,DRAMP03616,AMP,0.6,0.11,0.1,0.09,43,8.53,AYSGEKKCWNRSGHCRKQCKDGEAVKDTCKNLRACCIPSNEDH
NEG_Hel_034,DFBPAMIC0074,Food,0.9,0.18,0.21,0.55,39,9.84,GRKSDCFRKSGFCAFLKCPSLTLISGKCSRFYLCCKRIW
NEG_Hel_035,DFBPAMIC0368,Food,0.7,0.41,0.17,0.75,24,10.28,FLPAIFRMAAKVVPTIICSITKKC
NEG_Hel_036,DFBPAMIC0056,Food,0.1,0.21,0.28,0.48,18,10.94,RGGRLCYCRPRFCVCVGR
NEG_Hel_037,DRAMP18195,Gut,0.4,0.11,0.2,0.25,30,10.39,MKTILRFVAGYDIASHKKKTGGYPWERGKA
NEG_Hel_038,NP03693,Neuropeptide,0.3,0.04,0.2,0.29,29,10.06,YKGANKKGLSKGCFGLKLDRIGSMSGLGC
NEG_Hel_039,DFBPAMIC0161,Food,0.4,0.35,0.2,0.32,25,10.72,GWKSVFRKAKKVGKTVGGLALDHYL
NEG_Hel_040,DFBPAMIC0473,Food,0.3,0.33,0.37,0.09,25,13.13,RWRSFFKKAAHRGKHVGKRARTHYL
NEG_Hel_041,DFBPANCA0096,Food,0.1,0.15,0.15,0.46,20,10.94,APRKNVRWCTISQPEWCIRA
NEG_Hel_042,DRAMP00186,Gut,0.6,0.13,0.1,0.51,24,9.84,KRKCPKTPFDNTPGAWFAHLILGC
NEG_Hel_043,DFBPAMIC0403,Food,0.1,0.01,0.09,0.53,32,10.28,DLRFLYPRGKLPVPTLPPFNPKPIYIDMGNRY
NEG_Hel_044,DRAMP00053,Gut,0.4,0.09,0.1,0.53,34,8.64,ITSISLCTPGCKTGALMGCNMKTATCNCSVHVSK
NEG_Hel_045,DFBPAMIC0402,Food,0.1,0.04,0.09,0.5,32,10.28,DLRFLYPRGKLPVPTPPPFNPKPIYIDMGNRY
NEG_Hel_046,DFBPANOX0147,Food,0.2,0.23,0.1,0.32,22,10.06,WEIKPSSLTGKSPYFSNNHGKL
NEG_Hel_047,DFBPANCA0032,Food,0.6,0.32,0.1,0.44,29,10.5,ALWKNMLKGIGKLAGQAALGAVKTLVGAE
NEG_Hel_048,DFBPAMIC0318,Food,0.2,0.33,0.16,0.44,39,8.97,GFGCPNNYQCHRHCKSIPGRCGGYCGGWHRLRCTCYRGC
NEG_Hel_049,DFBPAMIC0476,Food,0.5,0.3,0.16,0.27,26,10.61,SWSSFFKKAAHSGKHVGKSASTHYLG
NEG_Hel_050,DFBPAMIC0457,Food,0.5,0.37,0.29,0.21,21,14.5,TRSSRAGLQFPVGRVHRLLRK
NEG_Hel_051,NP05405,Neuropeptide,0.3,0.19,0.1,0.21,29,11.38,QEGAPPQQSARRDRMPCRNFFWKTFSSCK
NEG_Hel_052,NP03745,Neuropeptide,0.6,0.26,0.1,0.36,29,11.38,WYKPAAGHSSYSVGRAAGLLSGLRRSPYA
NEG_Hel_053,DFBPAMIC0058,Food,0.3,0.17,0.1,0.36,41,8.53,QQCGRQASGRLCGNRLCCSQWGYCGSTASYCGAGCQSQCRS
NEG_Hel_054,DRAMP18285,Gut,0.4,0.09,0.1,0.57,41,9.41,TNWKKIGKCYAGTLGSAVLGFGAMGPVGYWAGAGVGYASFC
NEG_Hel_055,DRAMP00075,Gut,0.8,0.14,0.1,0.29,38,8.97,ATRSYGNGVYCNNSKCWNVGEAKENIAGIVISGKASGL
NEG_Hel_056,NP02776,Neuropeptide,0.5,0.13,0.1,0.51,27,11.81,RAAPYGVRLCGREFIRAVIFTCGGSRW
NEG_Hel_057,DRAMP03591,AMP,0.4,0.03,0.1,0.69,30,8.53,ACYCRIPACIAGERRYGTCIYQGRLWAFCC
NEG_Hel_058,DFBPAMIC0032,Food,0.9,0.51,0.31,0.29,29,13.13,RGLRRLGRKIAHGVKKYGPTVLRIIRIAG
NEG_Hel_059,DFBPAMIC0230,Food,0.5,0.04,0.37,0.42,19,10.94,RRWCFRVCYRGFCYRKCRG
NEG_Hel_060,DFBPAMIC0317,Food,0.6,0.04,0.19,0.26,47,9.84,RICRRRSAGFKGPCVSNKNCAQVCMQEGWGGGNCDGPLRRCKCMRRC
NEG_Hel_061,DFBPAMIC0188,Food,0.1,0.2,0.13,0.39,24,10.17,VDQHQAMKPWTQPKTKAIPYVRYL
NEG_Hel_062,NP00602,Neuropeptide,0.2,0.26,0.3,0.12,28,14.5,NGPGPWQGGRRKFRRQRPRLSHKGPMPF
NEG_Hel_063,DFBPAMIC0010,Food,0.2,0.24,0.22,0.46,42,11.81,QGVRNHVTCRIYGGFCVPIRCPGRTRQIGTCFGRPVKCCRRW
NEG_Hel_064,DFBPAMIC0049,Food,0.4,0.04,0.39,0.45,18,10.94,RRWCFRVCYRGFCYRKCR
NEG_Hel_065,DRAMP00071,Gut,0.3,0.2,0.1,0.33,49,9.52,KTVNYGNGLYCNQKKCWVNWSETATTIVNNSIMNGLTGGNAGWHSGGRA
NEG_Hel_066,DRAMP00035,Gut,0.2,0.39,0.2,0.51,30,9.19,ASIIKTTIKVSKAVCKTLTCICTGSCSNCK
NEG_Hel_067,DFBPAMIC0154,Food,0.2,0.51,0.15,0.5,20,12.47,WLRRIGKGVKIIGGAALDHL
NEG_Hel_068,DFBPAMIC0444,Food,0.1,0.25,0.11,0.58,38,8.75,DFASCHTNGGICLPNRCPGHMIQIGICFRPRVKCCRSW
NEG_Hel_069,DFBPAMIC0357,Food,0.7,0.23,0.19,0.3,36,12.25,RWKLFKKIEKVGRNVRDGLIKAGPAIAVIGQAKSLG
NEG_Hel_070,DFBPAMIC0485,Food,0.3,0.21,0.2,0.49,36,10.39,QKFALPQYLKTVYQHQKAMKPWIQPKTKVIPYVRYL
NEG_Hel_071,DFBPAMIC0081,Food,0.3,0.1,0.16,0.29,38,9.19,AKCIKNGKGCREDQGPPFCCSGFCYRQVGWARGYCKNR
NEG_Hel_072,DFBPAMIC0068,Food,0.4,0.15,0.08,0.17,38,8.75,GIFSSRKCKTPSKTFKGYCTRDSNCDTSCRYEGYPAGD
NEG_Hel_073,DFBPAMIC0218,Food,0.6,0.05,0.33,0.5,18,10.94,RWCFRVCYRGICYRRCRG
NEG_Hel_074,DFBPAMIC0446,Food,0.2,0.59,0.06,0.77,23,13.56,VFQFLGRIIHHVGNFVHGFSHVF
NEG_Hel_075,DFBPHAPE0010,Food,0.2,0.44,0.06,1.03,18,12.25,FLPLLFGALSAILPKIFG
NEG_Hel_076,DFBPANCA0049,Food,0.5,0.2,0.16,0.31,37,10.72,KWKLFKKIEKVGQNIRDGIIKAGPAVAVVGQATQIAK
NEG_Hel_077,DRAMP00042,Gut,0.1,0.21,0.1,0.61,22,8.42,FKSWSFCTPGCAKTGSFNSYCC
NEG_Hel_078,DFBPAMIC0455,Food,0,0.09,0.25,0.47,40,13.56,RRRPRPPYLPRPRPPPFFPPRLPPRIPPGFPPRFPPRFPG
NEG_Hel_079,DRAMP00034,Gut,0.2,0.25,0.2,0.35,31,9.95,SASVLKTSIKVSKKYCKGVTLTCGCNITGGK
NEG_Hel_080,DFBPAMIC0019,Food,0.9,0.26,0.1,0.39,31,9.41,GLFLDTLKGAAKDVAGKLEGLKCKITGCKLP
NEG_Hel_081,DFBPAMIC0014,Food,0.8,0.34,0.2,0.47,40,10.94,QGVRSYLSCWGNRGICLLNRCPGRMRQIGTCLAPRVKCCR
NEG_Hel_082,DFBPAMIC0282,Food,0.1,0.26,0.21,0.45,24,10.39,VYQHQKAMKPWIQPKTKVIPYVRY
NEG_Hel_083,DRAMP04485,AMP,0.1,0,0.2,0.69,18,8.75,RCICGRGICRCICGRGIC
NEG_Hel_084,DFBPAMIC0127,Food,0.9,0.32,0.08,0.34,25,9.95,GLLDTLKGAAKNVVGSLASKVMEKL
NEG_Hel_085,DRAMP00113,Gut,0.8,0.08,0.1,0.44,47,9.08,TTHSGKYYGNGVYCTKNKCTVDWAKATTCIAGMSIGGFLGGAIPGKC
NEG_Hel_086,DRAMP03599,AMP,0.5,0.1,0.2,0.23,45,10.28,GIINTLQKYYCRVRGGRCAVLSCLPKEEQIGKCSTRGRKCCRRKK
NEG_Hel_087,DFBPAMIC0484,Food,0.2,0.26,0.18,0.51,33,10.39,ALPQYLKTVYQHQKAMKPWIQPKTKVIPYVRYL
NEG_Hel_088,DRAMP00101,Gut,0.5,0.12,0.1,0.29,43,8.97,KYYGNGVHCGKHSCTVDWGTAIGNIGNNAAANWATGGNAGWNK
NEG_Hel_089,DFBPAMIC0130,Food,0.6,0.08,0.42,-0.33,19,13.78,KGRGKQGGKVRAKAKTRSS
NEG_Hel_090,DFBPPEPI0093,Food,0.6,0.09,0.16,0.55,20,11.38,CLVAVALARPKHPIKHQGLP
NEG_Hel_091,NP01763,Neuropeptide,0.6,0.21,0.1,0.42,37,10.06,SLNFEELKDWGPKNVIKMSTPAVNKMPHSFANLPLRF
NEG_Hel_092,DRAMP18314,Gut,0.7,0.23,0.1,0.38,31,10.61,MGKLAIKAGKIIGGGIASALGWAAGEKAVGK
NEG_Hel_093,DFBPAMIC0382,Food,0.8,0.14,0.11,0.39,37,9.73,GILDSFKQFAKGVGKDLIKGAAQGVLSTMSCKLAKTC
NEG_Hel_094,DRAMP00019,Gut,0.3,0.15,0.1,0.57,30,8.75,STPACAIGVVGITVAVTGISTACTSRCINK
NEG_Hel_095,DFBPAMIC0085,Food,0.3,0.42,0.35,0.34,37,13.13,VGRFRRLRKKTRKRLKKIGKVLKWIPPIVGSIPLGCG
NEG_Hel_096,DRAMP00039,Gut,0.7,0.14,0.2,0.23,34,10.72,TAGPAIRASVKQCQKTLKATRLFTVSCKGKNGCK
NEG_Hel_097,NP04892,Neuropeptide,0.7,0.15,0.1,0.3,31,9.9,YGGFMTSEKSQTPLVTLFKNAIIKNAYKKGE
NEG_Hel_098,NP02008,Neuropeptide,0.4,0.16,0.1,0.26,31,12.47,SRTHRHSMEIRTPDINPAWYASRGIRPVGRF
NEG_Hel_099,NP03675,Neuropeptide,0.3,0.21,0.1,0.28,28,10.28,SPKMVQGSGCFGRKMDRISSSSGLGCKV
NEG_Hel_100,DFBPAMIC0482,Food,0.1,0.3,0.23,0.44,27,10.5,KTVYQHQKAMKPWIQPKTKVIPYVRYL
NEG_Hel_101,DFBPAMIC0450,Food,0.2,0.54,0.06,0.82,23,10.06,VFHLLGKIIHHVGNFVYGFSHVF
NEG_Hel_102,DFBPAMIC0407,Food,0.3,0.15,0.09,0.34,46,8.75,KSCCPNTTGRNIYNTCRFGGGSREVCASLSGCKIISASTCPSYPDK
NEG_Hel_103,DRAMP00131,Gut,0.5,0.09,0.1,0.3,35,9.95,KKWGWLAWVEPAGEFLKGFGKGAIKEGNKDKWKNI
NEG_Hel_104,DFBPAMIC0139,Food,0,0.21,0.23,0.37,36,13.34,RRLHPQHQRFPRERPWPKPLSLPLPRPGPRPWPKPL
NEG_Hel_105,DRAMP18336,Gut,0.3,0.17,0.1,0.5,33,8.53,ADRGWIKTLTKDCPNVISSICAGTIITACKNCA
NEG_uH_001,DFBPAMIC0321,Food,0.8,0.11,0.29,0.33,31,10.06,SCASRCKSRCRARRCRYYVSVRYGGFCYCRC
NEG_uH_002,NP04927,Neuropeptide,0.1,0.07,0.1,0.34,18,12.47,GLSAASPPLAETGAPRRF
NEG_uH_003,DFBPAMIC0080,Food,0.1,0.18,0.26,-0.08,19,10.72,PDPAKTAPKKGSKKAVTKA
NEG_uH_004,DFBPAMIC0173,Food,0.1,0.19,0.14,0.85,22,8.31,GIKCRFCCGCCTPGICGVCCRF
NEG_uH_005,DFBPAMIC0140,Food,0,0.03,0.22,0.49,52,13.56,RRLRPRHQHFPSERPWPKPLPLPLPRPGPRPWPKPLPLPLPRPGLRPWPKPL
NEG_uH_006,DRAMP00054,Gut,0.2,0.11,0.1,0.57,34,8.64,ITSISLCTPGCKTGVLMGCNLKTATCNCSVHVSK
NEG_uH_007,DFBPANTH0145,Food,0.7,0.12,0.06,0.55,18,12.25,SPAQILQWQVLSNTVPAK
NEG_uH_008,DRAMP00088,Gut,0.6,0.15,0.1,0.34,43,9.41,KYYGNGVSCNKKGCSVDWGKAIGIIGNNAAANLTTGGKAAWAC
NEG_uH_009,DRAMP03579,AMP,0.1,0.17,0.2,-0.04,21,10.28,RKFHEKHHSHRGYRSNYLYDN
NEG_uH_010,DRAMP00016,Gut,1.1,0.12,0.1,0.53,24,8.75,GNGVVLTLTHECNLATWTKKLKCC
NEG_uH_011,DFBPAMIC0315,Food,0.7,0.07,0.08,0.42,48,8.53,RVCMGKSAGFKGLCMRDQNCAQVCLQEGWGGGNCDGVMRQCKCIRQCW
NEG_uH_012,DRAMP03592,AMP,0.5,0.04,0.1,0.7,29,8.53,CYCRIPACIAGERRYGTCIYQGRLWAFCC
NEG_uH_013,NP04125,Neuropeptide,0.9,0.16,0.3,0.25,32,12.47,YGGFLRRIRPKLKWDNQKRYGGFLRRQFKVVT
NEG_uH_014,DRAMP00053,Gut,0.4,0.09,0.1,0.53,34,8.64,ITSISLCTPGCKTGALMGCNMKTATCNCSVHVSK
NEG_uH_015,DRAMP03581,AMP,0.5,0.17,0.3,-0.18,25,11.38,DSHAKRHHGYKRKFHEKHHSHRGYR
NEG_uH_016,NP02771,Neuropeptide,0.9,0.18,0.1,0.65,23,8.75,PYVALFEKCCLIGCTKRSLAKYC
NEG_uH_017,NP03755,Neuropeptide,0.2,0.14,0.2,0.05,20,13.78,SFRNGVGTGMKKTSFQRAKS
NEG_uH_018,DFBPAMIC0045,Food,0.2,0.19,0.08,0.35,37,8.53,QCIGNGGRCNENVGPPYCCSGFCLRQPGQGYGYCKNR
NEG_uH_019,DRAMP00039,Gut,0.7,0.14,0.2,0.23,34,10.72,TAGPAIRASVKQCQKTLKATRLFTVSCKGKNGCK
NEG_uH_020,DFBPAMIC0527,Food,0.3,0.04,0.22,0.36,36,9.63,QKKCPGRCTLKCGKHERPTLPYNCGKYICCVPVKVK
NEG_uH_021,DRAMP00186,Gut,0.6,0.13,0.1,0.51,24,9.84,KRKCPKTPFDNTPGAWFAHLILGC
NEG_uH_022,DFBPAMIC0071,Food,0.3,0.03,0.13,0.37,47,8.97,LLGRCKVKSNRFHGPCLTDTHCSTVCRGEGYKGGDCHGLRRRCMCLC
NEG_uH_023,DFBPAMIC0448,Food,0.9,0.18,0.2,0.53,40,9.84,GRKSDCFRKSGFCAFLKCPSLTLISGKCSRFYLCCKRIWG
NEG_uH_024,DFBPAMIC0217,Food,0.6,0.05,0.33,0.5,18,10.5,KWCFRVCYRGICYRRCRG
NEG_uH_025,NP04924,Neuropeptide,0.1,0.1,0.1,0.21,26,12.47,ARPVKEPRGLSAASPPLAETGAPRRF
NEG_uH_026,NP02007,Neuropeptide,0.5,0.15,0.1,0.42,20,12.25,TPDINPAWYASRGIRPVGRF
NEG_uH_027,DRAMP00096,Gut,0.3,0.08,0.1,0.34,44,8.75,KYYGNGVTCGKHSCSVDWGKATTCIINNGAMAWATGGHQGNHKC
NEG_uH_028,DFBPAMIC0001,Food,0.7,0.13,0.07,0.35,49,8.31,NLCERASLTWTGNCGNTGHCDTQCRNWESAKHGACHKRGNWKCFCYFNC
NEG_uH_029,DFBPANOX1095,Food,0.1,0.06,0.06,0.04,18,12.25,QAGTGAGAGGGAGTKTSS
NEG_uH_030,DRAMP00147,Gut,0.2,0.12,0.1,0.46,46,10.06,KNGYGGSGNRWVHCGAGIVGGALIGAIGGPWSAVAGGISGGFTSCR
NEG_uH_031,DFBPAMIC0040,Food,0.4,0.14,0.13,0.4,30,8.75,VGECVRGRCPSGMCCSQFGYCGKGPKYCGR
NEG_uH_032,DFBPAMIC0408,Food,0.3,0.14,0.13,0.35,46,9.19,KSCCPNTTGRNIYNACRLTGAPRPTCAKLSGCKIISGSTCPSDYPK
NEG_uH_033,DFBPAMIC0402,Food,0.1,0.04,0.09,0.5,32,10.28,DLRFLYPRGKLPVPTPPPFNPKPIYIDMGNRY
NEG_uH_034,DFBPAMIC0382,Food,0.8,0.14,0.11,0.39,37,9.73,GILDSFKQFAKGVGKDLIKGAAQGVLSTMSCKLAKTC
NEG_uH_035,DFBPAMIC0050,Food,0.4,0.04,0.39,0.45,18,10.5,RRWCFRVCYKGFCYRKCR
NEG_uH_036,DFBPAMIC0456,Food,0.9,0.14,0.31,0.02,39,13.34,AGRGKQGGKVRAKAKTRSSRAGLQFPVGRVHRLLRKGNY
NEG_uH_037,DFBPAMIC0041,Food,0.4,0.11,0.1,0.45,29,8.53,VGECVRGRCPSGMCCSQFGYCGKGPKYCG
NEG_uH_038,DRAMP00101,Gut,0.5,0.12,0.1,0.29,43,8.97,KYYGNGVHCGKHSCTVDWGTAIGNIGNNAAANWATGGNAGWNK
NEG_uH_039,DRAMP03565,AMP,0.2,0.11,0.1,0.74,25,8.09,DTHFPICIFCCGCCHRSKCGMCCKT
NEG_uH_040,DRAMP00067,Gut,0.4,0.07,0.1,0.28,36,8.97,KNYGNGVHCTKKGCSVDWGYAATNIANNSVMNGLTG
NEG_uH_041,DFBPAMIC0170,Food,0.3,0.15,0.17,0.29,26,12.69,GFLGILFHGVHHGRKKALHMNSERRS
NEG_uH_042,DRAMP00089,Gut,0.6,0.13,0.1,0.57,39,8.2,TTKNYGNGVCNSVNWCQCGNVWASCNLATGCAAWLCKLA
NEG_uH_043,NP05405,Neuropeptide,0.3,0.19,0.1,0.21,29,11.38,QEGAPPQQSARRDRMPCRNFFWKTFSSCK
NEG_uH_044,DFBPAMIC0137,Food,0,0.1,0.26,0.52,43,14.5,RFRPPIRRPPIRPPFRPPFRPPVRPPIRPPFRPPFRPPIGPFP
NEG_uH_045,DFBPAMIC0039,Food,0.3,0.12,0.15,0.36,33,9.19,VSCTCRRFSCGFGERASGSCTVNGVRHTLCCRR
NEG_uH_046,DRAMP03601,AMP,0.5,0.19,0.1,0.33,42,8.75,WYVKKCLNDVGICKKKCKPEEMHVKNGWAMCGKGRDCCVPAD
NEG_uH_047,DFBPAMIC0321,Food,0.8,0.11,0.29,0.33,31,10.06,SCASRCKSRCRARRCRYYVSVRYGGFCYCRC
NEG_uH_048,DFBPAMIC0250,Food,0.2,0.11,0.23,0.55,31,10.06,RRCICTTRTCRFPYRRLGTCIFQNRVYTFCC
NEG_uH_049,DRAMP18294,Gut,0.4,0.16,0.1,0.3,30,9.73,ALQFIQNTASGALYYNTKTHKYQYQQTSGA
NEG_uH_050,DFBPAMIC0175,Food,0.4,0.09,0.07,0.34,43,9.41,KYYGNGLSCNKSGCSVDWSKAISIIGNNAVANLTTGGAAGWKS
NEG_uH_051,DFBPAMIC0230,Food,0.5,0.04,0.37,0.42,19,10.94,RRWCFRVCYRGFCYRKCRG
NEG_uH_052,DRAMP00075,Gut,0.8,0.14,0.1,0.29,38,8.97,ATRSYGNGVYCNNSKCWNVGEAKENIAGIVISGKASGL
NEG_uH_053,DFBPAMIC0251,Food,0.5,0.08,0.16,0.34,31,10.72,GIFSKLGRKKIKNLLISGLKNVGKEVGMDVV
NEG_uH_054,DFBPAMIC0351,Food,0.9,0.12,0.23,0.46,39,10.06,GRKSDCFRKSGFCAFLKCPSLTLISGKCSRFYLCCKRIR
NEG_uH_055,DFBPAMIC0461,Food,0.7,0.17,0.08,0.49,38,8.53,DPTCSVLGDFKCNPGRCCSKINYCGACYQWRFGLTPAR
NEG_uH_056,DRAMP03599,AMP,0.5,0.1,0.2,0.23,45,10.28,GIINTLQKYYCRVRGGRCAVLSCLPKEEQIGKCSTRGRKCCRRKK
NEG_uH_057,DFBPAMIC0404,Food,0.5,0.11,0.13,0.44,46,9.41,KSCCPTTAARNQYNICRLPGTPRPVCAALSGCKIISGTGCPPGYRH
NEG_uH_058,DRAMP03591,AMP,0.4,0.03,0.1,0.69,30,8.53,ACYCRIPACIAGERRYGTCIYQGRLWAFCC
NEG_uH_059,DFBPAMIC0081,Food,0.3,0.1,0.16,0.29,38,9.19,AKCIKNGKGCREDQGPPFCCSGFCYRQVGWARGYCKNR
NEG_uH_060,DRAMP03594,AMP,0.4,0.14,0.1,0.64,33,8.75,VCSCRLVFCRRTELRVGNCLIGGVSFTYCCTRV
NEG_uH_061,DRAMP03540,AMP,0.2,0.09,0.1,0.18,43,9.19,CLAGRLDKQCTCRRSQPSRRSGHEVGRPSPHCGPSRQCGCHMD
NEG_uH_062,DFBPAMIC0380,Food,0.7,0.15,0.09,0.44,34,9.52,GLLNTFKDWAISIAKGAGKGVLTTLSCKLDKSCG
NEG_uH_063,DFBPAMIC0289,Food,0.4,0.13,0.3,0.32,20,10.5,QYGRRCCNWGPGRRYCKWRC
NEG_uH_064,DFBPAMIC0352,Food,0.6,0.12,0.17,0.48,35,9.41,GKREKCLRRNGFCAFLKCPTLSVISGTCSRFQVCC
NEG_uH_065,DRAMP00019,Gut,0.3,0.15,0.1,0.57,30,8.75,STPACAIGVVGITVAVTGISTACTSRCINK
NEG_uH_066,DFBPAMIC0076,Food,0.3,0.12,0.1,0.51,32,8.53,VFCTCRGFLCGSGERASGSCTINGVRHTLCCR
NEG_uH_067,NP00604,Neuropeptide,0.2,0.19,0.3,0.13,36,14.5,LVQPRGSRNGPGPWQGGRRKFRRQRPRLSHKGPMPF
NEG_uH_068,DFBPAMIC0058,Food,0.3,0.17,0.1,0.36,41,8.53,QQCGRQASGRLCGNRLCCSQWGYCGSTASYCGAGCQSQCRS
NEG_uH_069,DRAMP00109,Gut,0.3,0.12,0.1,0.29,36,9.73,KYYGNGLSCSKKGCTVNWGQAFSCGVNRVATAGHGK
NEG_uH_070,DFBPAMIC0163,Food,1.3,0.08,0.22,0.45,23,10.72,GWRLLLKKAEVKTVGKLALKHYL
NEG_uH_071,DRAMP00013,Gut,0.3,0.06,0.1,0.53,32,8.53,TTPATTSSWTCITAGVTVSASLCPTTKCTSRC
NEG_uH_072,DRAMP00036,Gut,0.4,0.06,0.1,0.57,34,8.64,ITSISLCTPGCKTGALMGCNMKTATCHCSIHVSK
NEG_uH_073,DFBPAMIC0059,Food,0.3,0.17,0.1,0.37,40,8.53,QQCGRQASGRLCGNRLCCSQWGYCGSTASYCGAGCQSQCR
NEG_uH_074,NP03001,Neuropeptide,1,0.12,0.2,0.01,28,12.25,GSSFLSPEHQRVQQRKESKKPPAKLQPR
NEG_uH_075,DRAMP03547,AMP,0.2,0.11,0.2,-0.1,29,10.5,HNKQEGRDHDKSKGHFHRVVIHHKGGKAH
NEG_uH_076,DFBPAMIC0389,Food,0.6,0.03,0.11,0.36,46,9.84,GIFSKLAGKKIKNLLISGLKNVGKEVGMDVVRTGIDIAGCKIKGEC
NEG_uH_077,NP03732,Neuropeptide,0.2,0.01,0.1,0.33,33,12.47,ILQRGSGTAAVDFTKKDHTATWGRPFFLFRPRN
NEG_uH_078,NP00793,Neuropeptide,0.4,0.06,0.1,0.38,32,12.47,APLSWDLPEPRSRASKIRVHSRGNLWATGHFM
NEG_uH_079,DRAMP00139,Gut,0.4,0.06,0.1,0.32,24,11.38,GNPKVAHCASQIGRSTAWGAVSGA
NEG_uH_080,DFBPAMIC0390,Food,0.5,0.02,0.13,0.33,46,10.06,GIFSKLGRKKIKNLLISGLKNVGKEVGMDVVRTGIDIAGCKIKGEC
NEG_uH_081,DFBPAMIC0074,Food,0.9,0.18,0.21,0.55,39,9.84,GRKSDCFRKSGFCAFLKCPSLTLISGKCSRFYLCCKRIW
NEG_uH_082,DFBPAMIC0325,Food,0.2,0.08,0.08,0.41,29,10.06,FLSFPTTKTYFPHFDLSHGSAQVKGHGAK
NEG_uH_083,DFBPAMIC0323,Food,0.7,0.03,0.14,0.74,36,8.75,VVTCGSLCKAHCTFRKCGYFMAVLYHGRCYCRCLLC
NEG_uH_084,DFBPAMIC0455,Food,0,0.09,0.25,0.47,40,13.56,RRRPRPPYLPRPRPPPFFPPRLPPRIPPGFPPRFPPRFPG
NEG_uH_085,DFBPAMIC0077,Food,0.8,0.12,0.29,0.31,34,9.84,GCASRCKAKCAGRRCKGWASASFRGRCYCKCFRC
NEG_uH_086,DFBPAMIC0227,Food,0.4,0.04,0.37,0.42,19,10.5,RRWCFRVCYKGFCYRKCRG
NEG_uH_087,DRAMP00028,Gut,0.1,0.04,0.1,0.61,22,8.42,IASKFICTPGCAKTGSFNSYCC
NEG_uH_088,DRAMP18285,Gut,0.4,0.09,0.1,0.57,41,9.41,TNWKKIGKCYAGTLGSAVLGFGAMGPVGYWAGAGVGYASFC
NEG_uH_089,DFBPAMIC0324,Food,0.3,0.14,0.11,0.61,40,8.53,HSHACTSYWCGKFCGTASCTHYLCRVLHPGKMCACVHCSR
NEG_uH_090,DFBPAMIC0011,Food,0.3,0.19,0.23,0.44,40,12.03,QGVRNFVTCRINRGFCVPIRCPGHRRQIGTCLGPRIKCCR
NEG_uH_091,DRAMP00157,Gut,1,0.12,0.1,0.52,27,10.5,RNKLAYNMGHYAGKATIFGLAAWALLA
NEG_uH_092,DRAMP00110,Gut,0.3,0.12,0.1,0.41,37,8.75,KYYGNGVTCGKHSCSVNWGQAFSCSVSHLANFGHGKC
NEG_uH_093,DRAMP03578,AMP,0.4,0.16,0.2,-0.09,32,10.28,DSHAKRHHGYKRKFHEKHHSHRGYRSNYLYDN
NEG_uH_094,DFBPAMIC0044,Food,0.2,0.19,0.08,0.36,36,8.53,CIGNGGRCNENVGPPYCCSGFCLRQPNQGYGVCRNR
NEG_uH_095,DRAMP03616,AMP,0.6,0.11,0.1,0.09,43,8.53,AYSGEKKCWNRSGHCRKQCKDGEAVKDTCKNLRACCIPSNEDH
NEG_uH_096,NP03692,Neuropeptide,0.3,0.16,0.1,0.49,22,9.19,GLSKGCFGLKLDRIGSMSGLGC
NEG_uH_097,DRAMP03546,AMP,0.1,0.1,0.1,0.05,29,10.06,KQEGRDHDKSKGHFHMIVIHHKGGQAHHG
NEG_uH_098,DFBPAMIC0365,Food,0.9,0.15,0.11,0.38,37,9.73,GILDTLKQFAKGVGKDLVKGAAQGVLSTVSCKLAKTC
NEG_uH_099,DRAMP00095,Gut,0.7,0.18,0.1,0.35,37,9.19,KYYGNGVHCTKSGCSVNWGEAASAGIHRLANGGNGFW
NEG_uH_100,DFBPAMIC0403,Food,0.1,0.01,0.09,0.53,32,10.28,DLRFLYPRGKLPVPTLPPFNPKPIYIDMGNRY
NEG_uH_101,DFBPAMIC0347,Food,0.4,0.16,0.16,0.52,40,8.97,HPHVCTSYYCSKFCGTAGCTRYGCRNLHRGKLCFCLHCSR
NEG_uH_102,DFBPAMIC0320,Food,0.6,0.14,0.27,0.4,34,9.63,SCASRCKGHCRARRCGYYVSVLYRGRCYCKCLRC
NEG_uH_103,DRAMP00078,Gut,0.5,0.03,0.1,0.31,43,8.97,KNYGNGVHCTKKGCSVDWGYAWTNIANNSVMNGLTGGNAGWHN
NEG_uH_104,NP03673,Neuropeptide,0.3,0.17,0.1,0.27,28,11.81,SLRRSSCFGGRMDRIGAQSGLGCNSFRY
NEG_uH_105,DFBPAMIC0225,Food,0.3,0.13,0.12,0.46,33,8.75,VFCTCRGFLCGSGERASGSCTINGVRHTLCCRR
NEG_NCPR_001,DRAMP00180,Gut,0.4,0.31,0,0.42,47,9.19,SLQYVMSAGPYTWYKDTRTGKTICKQTIDTASYTFGVMAEGWGKTFH
NEG_NCPR_002,DFBPAGPE0235,Food,0,0.09,0,0.36,30,7,VRVPVPQLQPQNPSQQQPQEQVPLVQQQQF
NEG_NCPR_003,DRAMP00006,Gut,0.3,0.15,0,0.65,25,7.44,GNGVIKTISHECHMNTWQFIFTCCS
NEG_NCPR_004,DRAMP00063,Gut,0.2,0.22,0,0.79,21,5.25,SSSGWLCTLTIECGTIICACR
NEG_NCPR_005,DRAMP00097,Gut,0.7,0.14,0,0.36,37,7,TSYGNGVHCNKSKCWIDVSELETYKAGTVSNPKDILW
NEG_NCPR_006,NP00846,Neuropeptide,0.3,0.27,0,0.53,32,7.44,CGNLSTCMLGTYTQDFNKFHTFPQTAIGVGAP
NEG_NCPR_007,NP03886,Neuropeptide,2,0.02,-0.1,0.33,30,4.05,SSPETLISDLLMRESTENVPRTRLEDPAMW
NEG_NCPR_008,DFBPANOX0185,Food,0.4,0.19,-0.2,0.26,20,1.75,IANNEADAISLDGGQVFEAG
NEG_NCPR_009,NP02025,Neuropeptide,0.3,0.05,0,0.35,30,10.06,GWTLNSAGYLLGPHAVGNHRSFSDKNGLTS
NEG_NCPR_010,DFBPACEI0287,Food,1.4,0.02,-0.04,0.54,26,3.94,VAGTWYSLAMAASDISLLDAQSAPLR
NEG_NCPR_011,NP04136,Neuropeptide,3.9,0.24,-0.3,-0.12,41,3.72,DAEEDDSLANSSDLLKELLETGDNRERSHHQDGSDNEEEVS
NEG_NCPR_012,DFBPAGPE0221,Food,0,0.21,0.01,0.51,18,7.44,FPQHCNYQQQPQTFPQPF
NEG_NCPR_013,DRAMP00125,Gut,0.4,0.16,0,0.34,36,8.31,KYYGNGVTCGLHDCRVDRGKATCGIINNGGMWGDIG
NEG_NCPR_014,DRAMP00146,Gut,0.2,0.1,0,0.57,45,9.41,KRGPNCVGNFLGGLFAGAAAGVPLGPAGIVGGANLGMVGGALTCL
NEG_NCPR_015,DFBPACEI2031,Food,0.9,0.05,-0.15,0.23,19,4.16,WRMDIDGDIMISEQEAHQR
NEG_NCPR_016,DFBPACEI1150,Food,0.1,0.18,0,0.52,18,7,PPQSVLSLSQSKVLPVPE
NEG_NCPR_017,DRAMP03613,AMP,0.5,0.21,0,0.2,43,7,DRCTKRYGRCKRDCLESEKQIDICSLPRKICCTEKLYEEDDMF
NEG_NCPR_018,NP04139,Neuropeptide,0.7,0.22,-0.2,0.11,30,3.83,MPRVRSLFQEQEEPEPGMEEAGEMEQKQLQ
NEG_NCPR_019,DRAMP00027,Gut,0.5,0.13,0,0.64,25,7.22,GGGVIQTISHECRMNSWQFLFTCCS
NEG_NCPR_020,DFBPAMIC0416,Food,0.4,0.09,-0.05,-0.08,22,4.59,YPGPQAKEDSEGPSQGPASREK
NEG_NCPR_021,DFBPMIBP0014,Food,0.7,0.19,-0.28,-0.04,25,3.28,NANEEEYSIGSSSEESAEVATEEVK
NEG_NCPR_022,DFBPACEI2155,Food,4.7,0.1,-0.33,-0.2,18,3.61,SSDEEVREEKELDLSSNE
NEG_NCPR_023,NP01760,Neuropeptide,0.2,0.16,0,0.45,18,7,AGEGLNSQFWSLAAPQRF
NEG_NCPR_024,DFBPAGPE0251,Food,0,0.06,-0.05,0.25,19,1.75,VPVPQLQPQNPSQQQPQEQ
NEG_NCPR_025,DFBPANTH0131,Food,0.5,0.24,-0.26,-0.12,19,3.61,IEKFQSEEQQQTEDELQDK
NEG_NCPR_026,DFBPMIBP0002,Food,0.1,0.17,-0.19,0.14,21,3.5,QMEAESISSSEEIVPNSVEQK
NEG_NCPR_027,DFBPHYCP0004,Food,1.6,0.22,-0.15,0.41,20,3.94,VYVEELKPTPEGDLEILLQK
NEG_NCPR_028,DRAMP00183,Gut,1.3,0.1,-0.1,0.7,31,1.75,DWTCWSCLVCAACSVELLNLVTAATGASTAS
NEG_NCPR_029,DRAMP00010,Gut,0.1,0.03,0,0.49,29,7.44,KCKWWNISCDLGNNGHVCTLSHECQVSCN
NEG_NCPR_030,DFBPAGPE0238,Food,0.2,0.17,0,0.49,19,7,LGQQQAFPPQQPYPQPQPF
NEG_NCPR_031,DFBPPEPI0026,Food,0.2,0.16,0,0.58,19,7,MTPPPLPARVDFSLAGALN
NEG_NCPR_032,DFBPAGPE0007,Food,0,0.07,0,0.47,25,7,LGQQQPFPPQQPYPQPQPFPSQQPY
NEG_NCPR_033,DFBPACEI1157,Food,0.8,0.27,-0.07,0.46,27,4.27,DELQDKIHPFAQTQSLVYPFPGPIPNS
NEG_NCPR_034,DRAMP00012,Gut,0.4,0.22,0,0.58,32,7.98,TITLSTCAILSKPLGNNGYLCTVTKECMPSCN
NEG_NCPR_035,DFBPAMIC0133,Food,0.2,0.16,-0.03,0.79,35,5.25,TTLTLHNLCPYPVWWLVTPNNGGFPIIDNTPVVLG
NEG_NCPR_036,DRAMP03602,AMP,0.8,0.33,0,0.38,44,8.09,QLKKCWNNYVQGHCRKICRVNEVPEALCENGRYCCLNIKELEAC
NEG_NCPR_037,NP01128,Neuropeptide,0.9,0.01,0,0.77,21,5.25,CTCFTYKDKECVYYCHLDIIW
NEG_NCPR_038,DFBPANTH0132,Food,0.2,0.28,-0.2,0.19,25,3.72,RELEELNVPGEIVESLSSSEESITR
NEG_NCPR_039,NP03733,Neuropeptide,0.3,0.17,0,0.29,25,10.94,FRVDEEFQSPFASQSRGYFLFRPRN
NEG_NCPR_040,DRAMP00074,Gut,0.9,0.23,0,0.41,44,8.31,ATRSYGNGVYCNNSKCWVNWGEAKENIAGIVISGWASGLAGMGH
NEG_NCPR_041,NP00042,Neuropeptide,0.8,0.11,0,0.44,47,8.53,TQAQLLRVGCVLGTCQVQNLSHRLWQLMGPAGRQDSAPVDPSSPHSY
NEG_NCPR_042,NP02466,Neuropeptide,1.9,0.29,-0.2,-0.05,30,3.72,RSLQDTEEKSRSFSASQADPLSDPDQMNED
NEG_NCPR_043,NP02770,Neuropeptide,0.5,0.04,0,0.62,30,7.44,FVNQHLCGSHLVEALYLVCGERGFFYTPKT
NEG_NCPR_044,DFBPACEI1236,Food,0.1,0.19,0.05,0.26,21,9.73,GDLGKTTTVSNWSPPKWKDTP
NEG_NCPR_045,DRAMP00150,Gut,0.2,0.11,0,0.49,46,9.19,KNGYGGSGNRWVHCGAGIVGGALIGAIGGPWSAVAGGISGGFASCH
NEG_NCPR_046,DRAMP18252,Gut,0.9,0.13,0,0.55,31,8.53,GDVMPESTPICAGFATLMSSIGLVKTIKGKC
NEG_NCPR_047,DFBPANOX0613,Food,0.1,0.18,-0.05,0.3,19,5.25,IWCKDDQNPHSSNISCDKF
NEG_NCPR_048,NP04901,Neuropeptide,0.1,0.15,-0.2,0.03,30,3.83,EDVSAGEDCGPLPEGGPEPRSDGAKPGPRE
NEG_NCPR_049,NP04928,Neuropeptide,0.5,0.16,-0.1,0.41,22,4.05,AADHDVGSELPPEGVLGALLRV
NEG_NCPR_050,DFBPPEPI0034,Food,0.2,0.21,0,0.59,18,7,MPPPLPTRVDFSLAGALN
NEG_NCPR_051,NP04130,Neuropeptide,0.3,0.42,0,0.23,29,7,YGGFLRRQFKVVTRSQEDPNAYSGELFDA
NEG_NCPR_052,DFBPANTH0101,Food,0.2,0.17,-0.13,0.43,31,3.83,GELTPESGPDLFVHFLDGNPSYSLYADAVPR
NEG_NCPR_053,DFBPAGPE0006,Food,0,0.06,0.03,0.25,34,11.38,QQQQPSSQVSFQQPLQQYPLGQGSFRPSQQNPQA
NEG_NCPR_054,DFBPNEUR0004,Food,0,0.19,0,0.53,18,7,AGEGLSSPFWSLAAPQRF
NEG_NCPR_055,DFBPNEUR0017,Food,1.5,0.09,0.01,0.3,18,8.75,GIEALKYHNMDLGTARGY
NEG_NCPR_056,DRAMP00154,Gut,0.3,0.07,0,0.54,49,6.56,DKQAADTFLSAVGGAASGFTYCASNGVWHPYILAGCAGVGAVGSVVFPH
NEG_NCPR_057,NP00987,Neuropeptide,0.3,0.04,-0.5,0.03,33,3.06,EEEEEEEEEAEAGEEAVPEEEGPTVVLNPHPSL
NEG_NCPR_058,DRAMP18335,Gut,0.3,0.16,0,0.62,25,7.44,GNGVFKTISHECHLNTWAFLATCCS
NEG_NCPR_059,NP02469,Neuropeptide,5.6,0.07,0,0.34,30,5.69,HAEGTFTSDVSSYLEGQAAKEFIAWLVKGR
NEG_NCPR_060,DFBPAGPE0226,Food,0,0.25,0,0.43,19,7,LQQVQQGPQQQPFPQPQPF
NEG_NCPR_061,DFBPAMIC0525,Food,17.3,0.31,-0.08,0.61,24,1.75,MGSYYSDECAAAWAALVAVVQAAL
NEG_NCPR_062,NP03003,Neuropeptide,22.6,0.07,0,0.2,22,9.63,FVPIFTYGELQRMQEKERNKGQ
NEG_NCPR_063,NP04423,Neuropeptide,0.2,0.13,-0.1,0.21,33,3.94,TRSAWLDSGVTGSGLEGDHLSDTSTTSLELDSR
NEG_NCPR_064,DRAMP18267,Gut,0,0.14,-0.1,0.31,23,4.05,GLEESPGHPGQPGPPGPPGAPGP
NEG_NCPR_065,DFBPACEI0862,Food,0,0.17,-0.1,0.53,20,3.83,EMPFPKYPVEPFTESQSLTL
NEG_NCPR_066,DRAMP18319,Gut,0.1,0.08,0,0.61,22,8.09,ITSHSLCTPGCAKTGSFNSFCC
NEG_NCPR_067,DFBPAGPE0250,Food,0,0.1,0.05,0.21,19,11.38,QQYPLGQGSFRPSQQNPQA
NEG_NCPR_068,DFBPPEPI0096,Food,0,0.31,0.01,0.6,18,10.5,PIHNSLPQNIPPLTQTPV
NEG_NCPR_069,NP04137,Neuropeptide,0.2,0.11,-0.3,0.12,22,3.28,FAEALPSDEEGESYSKEVPEME
NEG_NCPR_070,DFBPACEI0074,Food,0,0.24,0,0.77,19,7,LVYPFPGPIPNSLPQNIPP
NEG_NCPR_071,DFBPOPIO0102,Food,0,0.28,0,0.62,21,8.75,YPFPGPIHNSLPQNIPPLTQT
NEG_NCPR_072,DRAMP18243,Gut,0.5,0.07,0,0.49,42,8.09,SLGVTLGAAGLYTATQTIATQIWKCGAVLTTSAECSRTGNSC
NEG_NCPR_073,DFBPAMIC0132,Food,0.1,0.12,0,0.22,25,7,ATRVVYCNRRSGSVVGGDDTVYYEG
NEG_NCPR_074,DFBPACEI2063,Food,0,0.13,0,0.57,23,7,TQTPVVVPPFLQPEIMGVPKVKE
NEG_NCPR_075,NP00986,Neuropeptide,12,0.27,-0.1,0.03,37,4.27,EEEGSANRRPEDQELESLSAIEAELEKVAHQLQALRR
NEG_NCPR_076,DFBPAGPE0237,Food,0,0.08,0,0.44,19,7,AGQQQPFPPQQPYPQPQPF
NEG_NCPR_077,DFBPANTH0167,Food,1.3,0.13,-0.1,0.03,19,4.16,SSEESIISQETYKQEKNMA
NEG_NCPR_078,NP03674,Neuropeptide,1.7,0.17,-0.2,0.3,30,3.83,NPMYNAVSNADLMDFKNLLDHLEEKMPLED
NEG_NCPR_079,DRAMP18245,Gut,0.5,0.07,0,0.47,42,8.75,SLGVTLGAAGVYTATQTIATQIWKCGAVLTTSAECSRTGKSC
NEG_NCPR_080,DRAMP18251,Gut,0.7,0.2,0,0.46,45,8.09,GDINGEFTTSPACVYSVMVVSKASSAKCAAGASAVSGAILSAIRC
NEG_NCPR_081,DFBPAMIC0497,Food,0.1,0.24,-0.03,0.64,27,6.56,QELLLNPTHQIYPVTQPLAPVHNPISV
NEG_NCPR_082,DFBPPEPI0018,Food,0.2,0.2,0,0.6,18,7,MPPPLPARVDFSLAGALN
NEG_NCPR_083,DFBPAMIC0193,Food,0.1,0.06,-0.03,0.59,26,6.56,QELLLNPTHQYPVTQPLAPVHNPISV
NEG_NCPR_084,DFBPMIBP0013,Food,0.3,0.16,-0.09,0.1,21,4.59,KNTMEHVSSSEESIISQETYK
NEG_NCPR_085,DFBPANTH0096,Food,1.5,0.15,-0.23,0.19,22,3.28,EADIDGDGQVNYEEFVAMMTSK
NEG_NCPR_086,DFBPANTH0143,Food,0.7,0.26,-0.05,0.68,19,3.94,DMPIQAFLLYQEPVLGPVR
NEG_NCPR_087,DRAMP18244,Gut,0.4,0.07,0,0.48,42,8.09,SLGVTLGAAGVYTATQTIATQIWKCGAVLTTSAECSRTGNSC
NEG_NCPR_088,DFBPACEI0073,Food,0,0.29,0,0.71,18,7,VYPFPGPIPNSLPQNIPP
NEG_NCPR_089,DFBPANOX0154,Food,0.5,0.35,-0.16,0.17,18,4.59,YEADARSFHDLAEHDIRV
NEG_NCPR_090,DRAMP00159,Gut,0.8,0.28,0,0.37,33,10.06,GFWGGLGYIAGRVGAAYGHAQASANNHHSPING
NEG_NCPR_091,DRAMP00023,Gut,0.3,0.24,0,0.57,32,8.2,GTPLALLGGAATGVIGYISNQTCPTTACTRAC
NEG_NCPR_092,DRAMP18270,Gut,0.1,0.22,0,0.57,43,7,KINWGSVGGSCVGGAVIGGALGGLGGAGGGCLTGAIGSIWDQW
NEG_NCPR_093,DRAMP04437,Gut,0.2,0.23,0,0.58,42,9.19,GALWGAPAGGVGALPGAFVGAHVGAIAGGFACMGGMIGNKFN
NEG_NCPR_094,DFBPANOX0540,Food,3.8,0.24,0,0.65,22,7,RCMAFLLSDGAAAAQQLLPQYW
NEG_NCPR_095,DRAMP03576,AMP,0.4,0.16,0,0.02,38,9.19,DSHEKRHHGYRRKFHEKHHSHREFPFYGDYGSNYLYDN
NEG_NCPR_096,DFBPANHY0154,Food,0.2,0.08,-0.1,0.35,20,3.72,SDIPNPIGSENSEKTTMPLW
NEG_NCPR_097,DFBPACEI1143,Food,0.1,0.04,-0.1,0.34,30,3.5,QTQYTDAPSFSDIPNPIGSENSEKTTMPLW
NEG_NCPR_098,DFBPANHY0153,Food,0.2,0.15,-0.1,0.42,21,3.72,FSDIPNPIGSENSEKTTMPLW
NEG_NCPR_099,DRAMP00259,Gut,0.8,0.13,-0.1,0.58,50,3.5,MQKPEIISADLGLCAVNEFVALAAIPGGAATFAVCQMPNLDEIVSNAAYV
NEG_NCPR_100,DRAMP00100,Gut,0.2,0.18,0,0.43,37,8.09,KYYGNGVSCNSHGCSVNWGQAWTCGVNHLANGGHGVC
NEG_NCPR_101,DRAMP00049,Gut,0.3,0.13,0,0.57,27,7.44,KGGSGVIHTISHECNMNSWQFVFTCCS
NEG_NCPR_102,DFBPANTH0166,Food,0.1,0.21,-0.21,0.1,19,3.5,EAESISSSEEIVPNSVEQK
NEG_NCPR_103,NP02256,Neuropeptide,0.4,0.09,-0.1,0.32,52,4.38,DLELPWLEQQGPASHHRRQLGPQGPPHLVADPSKKQGPWLEEEEEAYGWMDF
NEG_NCPR_104,DRAMP03550,AMP,0.4,0.11,-0.1,0.41,42,5.25,DAEFRHDSGYEVHHQKLVFFAEDVGSNKGAIIGLMVGGVVIA
NEG_NCPR_105,NP04135,Neuropeptide,0.3,0.22,-0.3,0.27,20,1.75,MDELYPMEPEEEANGSEILA
