protein,chain,residue,residue_name,score
folded,N,31,G,-1.8498
folded,N,32,K,-2.8481
folded,N,33,T,-2.4030
folded,N,34,K,-2.0992
folded,N,35,E,-2.4314
folded,N,36,G,-1.0430
folded,N,37,V,0.3911
folded,N,38,L,2.0519
folded,N,39,Y,1.9848
folded,N,40,V,2.2055
folded,N,41,G,0.6452
folded,N,42,S,-0.3635
folded,N,43,K,-1.6042
folded,N,44,T,-2.4293
folded,N,45,K,-3.4311
folded,N,46,E,-3.2961
folded,N,47,G,-1.7257
folded,N,48,V,0.5771
folded,N,49,V,1.4207
folded,N,50,H,-0.1144
folded,N,51,G,-0.0547
folded,N,52,V,0.7359
folded,N,53,A,0.6477
folded,N,54,T,1.0631
folded,N,55,V,1.1607
folded,N,56,A,-0.9934
folded,N,57,E,-2.9464
folded,N,58,K,-3.7422
folded,N,59,T,-2.9598
folded,N,60,K,-2.0976
folded,N,61,E,-1.6740
folded,N,62,Q,-0.7106
folded,N,63,V,0.2567
folded,N,64,T,0.6262
folded,N,65,N,0.0000
folded,N,66,V,0.6866
folded,N,67,G,-0.0802
folded,N,68,G,-0.1422
folded,N,69,A,0.4036
folded,N,70,V,0.9947
folded,N,71,V,1.1408
folded,N,72,T,0.5618
folded,N,73,G,0.5059
folded,N,74,V,0.3647
folded,N,75,T,0.0000
folded,N,76,A,0.4803
folded,N,77,V,0.0000
folded,N,78,A,0.2420
folded,N,79,Q,0.0000
folded,N,80,K,-0.3021
folded,N,81,T,-0.0767
folded,N,82,V,0.3445
folded,N,83,E,-1.9369
folded,N,84,G,-0.8923
folded,N,85,A,-0.4660
folded,N,86,G,-0.0831
folded,N,87,S,0.0926
folded,N,88,I,0.6238
folded,N,89,A,0.3982
folded,N,90,A,0.2726
folded,N,91,A,0.0475
folded,N,92,T,0.1244
folded,N,93,G,0.2926
folded,N,94,F,1.0833
folded,N,95,V,1.1693
folded,N,96,K,-1.0724
folded,N,97,K,-2.5858
folded,N,98,D,-2.0984
folded,N,99,Q,-1.3278
folded,N,100,L,1.1501
folded,O,31,G,-2.0666
folded,O,32,K,-2.6314
folded,O,33,T,-2.2551
folded,O,34,K,-1.8357
folded,O,35,E,-1.5142
folded,O,36,G,0.0000
folded,O,37,V,0.0000
folded,O,38,L,0.0000
folded,O,39,Y,1.2015
folded,O,40,V,0.0000
folded,O,41,G,0.0000
folded,O,42,S,0.0000
folded,O,43,K,-1.9895
folded,O,44,T,-2.5902
folded,O,45,K,-3.3876
folded,O,46,E,-3.3736
folded,O,47,G,-1.6412
folded,O,48,V,0.2429
folded,O,49,V,0.7044
folded,O,50,H,-0.1292
folded,O,51,G,-0.3396
folded,O,52,V,0.0000
folded,O,53,A,0.5427
folded,O,54,T,0.0000
folded,O,55,V,0.7094
folded,O,56,A,0.0000
folded,O,57,E,-2.8308
folded,O,58,K,-4.0926
folded,O,59,T,0.0000
folded,O,60,K,-2.0797
folded,O,61,E,-1.3289
folded,O,62,Q,0.0000
folded,O,63,V,0.0428
folded,O,64,T,0.0000
folded,O,65,N,0.0000
folded,O,66,V,0.0000
folded,O,67,G,-0.3477
folded,O,68,G,0.0000
folded,O,69,A,0.0000
folded,O,70,V,0.0000
folded,O,71,V,0.0000
folded,O,72,T,0.3053
folded,O,73,G,0.0000
folded,O,74,V,0.0000
folded,O,75,T,0.0000
folded,O,76,A,0.0000
folded,O,77,V,0.0000
folded,O,78,A,0.0000
folded,O,79,Q,0.0000
folded,O,80,K,0.0000
folded,O,81,T,0.0000
folded,O,82,V,-0.9016
folded,O,83,E,-2.7851
folded,O,84,G,-1.4759
folded,O,85,A,-0.7244
folded,O,86,G,0.0000
folded,O,87,S,-0.0144
folded,O,88,I,0.0000
folded,O,89,A,0.2187
folded,O,90,A,0.0000
folded,O,91,A,-0.0128
folded,O,92,T,0.0000
folded,O,93,G,0.2679
folded,O,94,F,0.0000
folded,O,95,V,0.5358
folded,O,96,K,-0.6944
folded,O,97,K,-1.7345
folded,O,98,D,0.0000
folded,O,99,Q,-0.3703
folded,O,100,L,1.9870
folded,P,31,G,-1.9906
folded,P,32,K,-2.5215
folded,P,33,T,-1.6822
folded,P,34,K,-1.1678
folded,P,35,E,0.0000
folded,P,36,G,0.0000
folded,P,37,V,0.0000
folded,P,38,L,0.0000
folded,P,39,Y,0.0000
folded,P,40,V,0.0000
folded,P,41,G,0.0000
folded,P,42,S,0.0000
folded,P,43,K,-1.8951
folded,P,44,T,-2.1855
folded,P,45,K,-2.9948
folded,P,46,E,-2.7430
folded,P,47,G,-1.5266
folded,P,48,V,0.0303
folded,P,49,V,0.2866
folded,P,50,H,-0.4900
folded,P,51,G,-0.6319
folded,P,52,V,0.0000
folded,P,53,A,0.2525
folded,P,54,T,0.0000
folded,P,55,V,0.7944
folded,P,56,A,0.0000
folded,P,57,E,-2.7988
folded,P,58,K,-4.0672
folded,P,59,T,0.0000
folded,P,60,K,-1.8400
folded,P,61,E,-1.2002
folded,P,62,Q,0.0000
folded,P,63,V,0.0000
folded,P,64,T,0.0000
folded,P,65,N,0.0000
folded,P,66,V,0.0000
folded,P,67,G,-0.4364
folded,P,68,G,0.0000
folded,P,69,A,0.0000
folded,P,70,V,0.0000
folded,P,71,V,0.0000
folded,P,72,T,0.0049
folded,P,73,G,0.0000
folded,P,74,V,0.0000
folded,P,75,T,0.0000
folded,P,76,A,0.0000
folded,P,77,V,0.0000
folded,P,78,A,0.0000
folded,P,79,Q,0.0000
folded,P,80,K,0.0000
folded,P,81,T,0.0000
folded,P,82,V,-1.1172
folded,P,83,E,-3.3496
folded,P,84,G,-1.8716
folded,P,85,A,-0.8261
folded,P,86,G,0.0000
folded,P,87,S,-0.1742
folded,P,88,I,0.0000
folded,P,89,A,0.0386
folded,P,90,A,0.0000
folded,P,91,A,-0.0128
folded,P,92,T,0.0000
folded,P,93,G,-0.1087
folded,P,94,F,0.0000
folded,P,95,V,0.4306
folded,P,96,K,0.0000
folded,P,97,K,-1.0853
folded,P,98,D,0.0000
folded,P,99,Q,0.3798
folded,P,100,L,2.5251
folded,Q,31,G,-2.2464
folded,Q,32,K,-3.0781
folded,Q,33,T,-1.9110
folded,Q,34,K,-1.2043
folded,Q,35,E,0.0000
folded,Q,36,G,0.0000
folded,Q,37,V,0.0000
folded,Q,38,L,0.0000
folded,Q,39,Y,0.1259
folded,Q,40,V,0.0000
folded,Q,41,G,0.0000
folded,Q,42,S,0.0000
folded,Q,43,K,-2.0636
folded,Q,44,T,-2.1878
folded,Q,45,K,-2.8360
folded,Q,46,E,-2.8284
folded,Q,47,G,-1.4659
folded,Q,48,V,0.0532
folded,Q,49,V,0.1534
folded,Q,50,H,-0.5407
folded,Q,51,G,-0.6281
folded,Q,52,V,0.0000
folded,Q,53,A,0.1793
folded,Q,54,T,0.0000
folded,Q,55,V,0.6918
folded,Q,56,A,0.0000
folded,Q,57,E,-2.5405
folded,Q,58,K,-4.0024
folded,Q,59,T,0.0000
folded,Q,60,K,-1.8310
folded,Q,61,E,-1.0896
folded,Q,62,Q,0.0000
folded,Q,63,V,0.0000
folded,Q,64,T,0.0000
folded,Q,65,N,0.0000
folded,Q,66,V,0.0000
folded,Q,67,G,-0.4404
folded,Q,68,G,0.0000
folded,Q,69,A,0.0000
folded,Q,70,V,0.0000
folded,Q,71,V,0.0000
folded,Q,72,T,-0.0189
folded,Q,73,G,0.0000
folded,Q,74,V,0.0000
folded,Q,75,T,0.0000
folded,Q,76,A,0.0000
folded,Q,77,V,0.0000
folded,Q,78,A,0.0000
folded,Q,79,Q,0.0000
folded,Q,80,K,0.0000
folded,Q,81,T,0.0000
folded,Q,82,V,-1.3221
folded,Q,83,E,-3.3198
folded,Q,84,G,-2.0262
folded,Q,85,A,-0.8288
folded,Q,86,G,0.0000
folded,Q,87,S,-0.1515
folded,Q,88,I,0.0000
folded,Q,89,A,0.0342
folded,Q,90,A,0.0000
folded,Q,91,A,-0.0166
folded,Q,92,T,0.0000
folded,Q,93,G,-0.0728
folded,Q,94,F,0.0000
folded,Q,95,V,0.2866
folded,Q,96,K,-0.4524
folded,Q,97,K,-0.9670
folded,Q,98,D,0.0000
folded,Q,99,Q,0.4062
folded,Q,100,L,2.3248
folded,R,31,G,-2.2393
folded,R,32,K,-2.8411
folded,R,33,T,-1.9408
folded,R,34,K,-1.2804
folded,R,35,E,0.0000
folded,R,36,G,0.0000
folded,R,37,V,0.0000
folded,R,38,L,0.0000
folded,R,39,Y,0.0000
folded,R,40,V,0.0000
folded,R,41,G,0.0000
folded,R,42,S,0.0000
folded,R,43,K,-1.9965
folded,R,44,T,-2.2229
folded,R,45,K,-2.8527
folded,R,46,E,-2.4400
folded,R,47,G,-1.4650
folded,R,48,V,-0.0225
folded,R,49,V,0.1515
folded,R,50,H,-0.5451
folded,R,51,G,-0.6335
folded,R,52,V,0.0000
folded,R,53,A,0.1731
folded,R,54,T,0.0000
folded,R,55,V,0.7620
folded,R,56,A,0.0000
folded,R,57,E,-2.4031
folded,R,58,K,-3.8271
folded,R,59,T,0.0000
folded,R,60,K,-1.6880
folded,R,61,E,-1.0047
folded,R,62,Q,0.0000
folded,R,63,V,0.0704
folded,R,64,T,0.0000
folded,R,65,N,0.0000
folded,R,66,V,0.0000
folded,R,67,G,-0.3952
folded,R,68,G,0.0000
folded,R,69,A,0.0000
folded,R,70,V,0.0000
folded,R,71,V,0.0000
folded,R,72,T,-0.0189
folded,R,73,G,0.0000
folded,R,74,V,0.0000
folded,R,75,T,0.0000
folded,R,76,A,0.0000
folded,R,77,V,0.0000
folded,R,78,A,0.0000
folded,R,79,Q,0.0000
folded,R,80,K,0.0000
folded,R,81,T,0.0000
folded,R,82,V,-1.2791
folded,R,83,E,-3.3510
folded,R,84,G,-2.0298
folded,R,85,A,-0.8267
folded,R,86,G,0.0000
folded,R,87,S,-0.1627
folded,R,88,I,0.0000
folded,R,89,A,0.0361
folded,R,90,A,0.0000
folded,R,91,A,-0.0166
folded,R,92,T,0.0000
folded,R,93,G,-0.0346
folded,R,94,F,0.0000
folded,R,95,V,0.2866
folded,R,96,K,-0.5289
folded,R,97,K,-1.1007
folded,R,98,D,0.0000
folded,R,99,Q,-0.0089
folded,R,100,L,1.9864
folded,S,31,G,-2.1773
folded,S,32,K,-3.1084
folded,S,33,T,-1.9190
folded,S,34,K,-1.3506
folded,S,35,E,-0.7242
folded,S,36,G,0.0000
folded,S,37,V,0.0000
folded,S,38,L,0.0000
folded,S,39,Y,0.1375
folded,S,40,V,0.0000
folded,S,41,G,0.0000
folded,S,42,S,-0.8395
folded,S,43,K,-1.9723
folded,S,44,T,-2.1275
folded,S,45,K,-2.7845
folded,S,46,E,-2.9167
folded,S,47,G,-1.5534
folded,S,48,V,0.0167
folded,S,49,V,0.1485
folded,S,50,H,-0.5483
folded,S,51,G,-0.6322
folded,S,52,V,0.0000
folded,S,53,A,0.1764
folded,S,54,T,0.0000
folded,S,55,V,0.6918
folded,S,56,A,0.0000
folded,S,57,E,-2.2368
folded,S,58,K,-3.4536
folded,S,59,T,0.0000
folded,S,60,K,-1.6647
folded,S,61,E,-0.9871
folded,S,62,Q,0.0000
folded,S,63,V,0.0000
folded,S,64,T,0.0000
folded,S,65,N,0.0000
folded,S,66,V,0.0000
folded,S,67,G,-0.3914
folded,S,68,G,0.0000
folded,S,69,A,0.0000
folded,S,70,V,0.0000
folded,S,71,V,0.0000
folded,S,72,T,-0.0190
folded,S,73,G,0.0000
folded,S,74,V,0.0000
folded,S,75,T,0.0000
folded,S,76,A,0.0000
folded,S,77,V,0.0000
folded,S,78,A,0.0000
folded,S,79,Q,0.0000
folded,S,80,K,0.0000
folded,S,81,T,0.0000
folded,S,82,V,-1.3296
folded,S,83,E,-3.3349
folded,S,84,G,-2.0398
folded,S,85,A,-0.8374
folded,S,86,G,0.0000
folded,S,87,S,-0.1519
folded,S,88,I,0.0000
folded,S,89,A,0.0341
folded,S,90,A,0.0000
folded,S,91,A,-0.0165
folded,S,92,T,0.0000
folded,S,93,G,-0.0419
folded,S,94,F,0.0000
folded,S,95,V,0.3577
folded,S,96,K,-0.4574
folded,S,97,K,-1.0462
folded,S,98,D,0.0000
folded,S,99,Q,-0.0146
folded,S,100,L,1.9648
folded,T,31,G,-2.0049
folded,T,32,K,-2.5264
folded,T,33,T,-1.7228
folded,T,34,K,-1.1863
folded,T,35,E,-0.6386
folded,T,36,G,0.0000
folded,T,37,V,0.0000
folded,T,38,L,0.0000
folded,T,39,Y,0.0000
folded,T,40,V,0.0000
folded,T,41,G,0.0000
folded,T,42,S,0.0000
folded,T,43,K,-1.7421
folded,T,44,T,-2.1344
folded,T,45,K,-2.9759
folded,T,46,E,-2.6373
folded,T,47,G,-1.6092
folded,T,48,V,-0.0518
folded,T,49,V,0.1012
folded,T,50,H,-0.6161
folded,T,51,G,-0.6713
folded,T,52,V,0.0000
folded,T,53,A,0.1585
folded,T,54,T,0.0000
folded,T,55,V,0.7107
folded,T,56,A,0.0000
folded,T,57,E,-2.3104
folded,T,58,K,-3.6117
folded,T,59,T,0.0000
folded,T,60,K,-1.6493
folded,T,61,E,-1.0170
folded,T,62,Q,0.0000
folded,T,63,V,0.0856
folded,T,64,T,0.0000
folded,T,65,N,0.0000
folded,T,66,V,0.0000
folded,T,67,G,-0.3424
folded,T,68,G,0.0000
folded,T,69,A,0.0000
folded,T,70,V,0.0000
folded,T,71,V,0.0000
folded,T,72,T,-0.0186
folded,T,73,G,0.0000
folded,T,74,V,0.0000
folded,T,75,T,0.0000
folded,T,76,A,0.0000
folded,T,77,V,0.0000
folded,T,78,A,0.0000
folded,T,79,Q,0.0000
folded,T,80,K,0.0000
folded,T,81,T,0.0000
folded,T,82,V,-1.2076
folded,T,83,E,-3.2545
folded,T,84,G,-1.9938
folded,T,85,A,-0.8128
folded,T,86,G,0.0000
folded,T,87,S,-0.1625
folded,T,88,I,0.0000
folded,T,89,A,0.0361
folded,T,90,A,0.0000
folded,T,91,A,-0.0164
folded,T,92,T,0.0000
folded,T,93,G,-0.0618
folded,T,94,F,0.0000
folded,T,95,V,0.2589
folded,T,96,K,-0.4670
folded,T,97,K,-0.9507
folded,T,98,D,0.0000
folded,T,99,Q,0.3453
folded,T,100,L,2.4006
folded,U,31,G,-1.9633
folded,U,32,K,-2.4781
folded,U,33,T,-1.6525
folded,U,34,K,-1.2486
folded,U,35,E,0.0000
folded,U,36,G,0.0000
folded,U,37,V,0.0000
folded,U,38,L,0.0000
folded,U,39,Y,0.2030
folded,U,40,V,0.0000
folded,U,41,G,0.0000
folded,U,42,S,0.0000
folded,U,43,K,-1.8357
folded,U,44,T,-2.1359
folded,U,45,K,-3.0754
folded,U,46,E,-3.1153
folded,U,47,G,-1.8550
folded,U,48,V,0.1224
folded,U,49,V,0.0382
folded,U,50,H,-0.6910
folded,U,51,G,-0.8167
folded,U,52,V,0.0000
folded,U,53,A,0.1989
folded,U,54,T,0.0000
folded,U,55,V,0.7807
folded,U,56,A,0.0000
folded,U,57,E,-2.4753
folded,U,58,K,-3.5220
folded,U,59,T,0.0000
folded,U,60,K,-2.0112
folded,U,61,E,-1.3451
folded,U,62,Q,0.0000
folded,U,63,V,0.0000
folded,U,64,T,0.0000
folded,U,65,N,0.0000
folded,U,66,V,0.0000
folded,U,67,G,-0.5649
folded,U,68,G,0.0000
folded,U,69,A,0.0000
folded,U,70,V,0.0000
folded,U,71,V,0.0000
folded,U,72,T,-0.0245
folded,U,73,G,0.0000
folded,U,74,V,0.0000
folded,U,75,T,0.0000
folded,U,76,A,0.0000
folded,U,77,V,0.0000
folded,U,78,A,0.0000
folded,U,79,Q,0.0000
folded,U,80,K,0.0000
folded,U,81,T,0.0000
folded,U,82,V,-1.1711
folded,U,83,E,-3.1332
folded,U,84,G,-1.9329
folded,U,85,A,-0.8006
folded,U,86,G,0.0000
folded,U,87,S,-0.1365
folded,U,88,I,0.0000
folded,U,89,A,0.0762
folded,U,90,A,0.0000
folded,U,91,A,-0.0133
folded,U,92,T,0.0000
folded,U,93,G,-0.0792
folded,U,94,F,0.0000
folded,U,95,V,0.3421
folded,U,96,K,-0.5339
folded,U,97,K,-1.0402
folded,U,98,D,0.0000
folded,U,99,Q,0.4596
folded,U,100,L,2.4807
folded,V,31,G,-2.0753
folded,V,32,K,-2.9653
folded,V,33,T,-2.2485
folded,V,34,K,-1.8011
folded,V,35,E,-1.1040
folded,V,36,G,0.0000
folded,V,37,V,0.0000
folded,V,38,L,0.0000
folded,V,39,Y,0.0000
folded,V,40,V,0.0000
folded,V,41,G,0.0000
folded,V,42,S,0.0000
folded,V,43,K,-2.2869
folded,V,44,T,-2.9617
folded,V,45,K,-3.8824
folded,V,46,E,-3.0976
folded,V,47,G,-1.5064
folded,V,48,V,0.2000
folded,V,49,V,0.2282
folded,V,50,H,-0.9579
folded,V,51,G,-0.9367
folded,V,52,V,0.0000
folded,V,53,A,0.3228
folded,V,54,T,0.0000
folded,V,55,V,0.9343
folded,V,56,A,0.0000
folded,V,57,E,-2.7537
folded,V,58,K,-4.2445
folded,V,59,T,0.0000
folded,V,60,K,-3.3271
folded,V,61,E,-2.0297
folded,V,62,Q,0.0000
folded,V,63,V,0.3711
folded,V,64,T,0.0000
folded,V,65,N,0.0000
folded,V,66,V,0.0000
folded,V,67,G,-0.5918
folded,V,68,G,0.0000
folded,V,69,A,0.0000
folded,V,70,V,0.0000
folded,V,71,V,0.0000
folded,V,72,T,0.2311
folded,V,73,G,0.0000
folded,V,74,V,0.0000
folded,V,75,T,0.0000
folded,V,76,A,0.0000
folded,V,77,V,0.0000
folded,V,78,A,0.0000
folded,V,79,Q,0.0000
folded,V,80,K,-1.2556
folded,V,81,T,0.0000
folded,V,82,V,-1.5309
folded,V,83,E,-2.9672
folded,V,84,G,-1.9741
folded,V,85,A,-0.9012
folded,V,86,G,0.0000
folded,V,87,S,-0.1054
folded,V,88,I,0.0000
folded,V,89,A,0.1469
folded,V,90,A,0.0000
folded,V,91,A,-0.0254
folded,V,92,T,0.0000
folded,V,93,G,0.1219
folded,V,94,F,0.0000
folded,V,95,V,0.3644
folded,V,96,K,-0.7142
folded,V,97,K,-1.5819
folded,V,98,D,0.0000
folded,V,99,Q,-0.1963
folded,V,100,L,1.9400
folded,W,31,G,-1.7893
folded,W,32,K,-3.0610
folded,W,33,T,-2.3194
folded,W,34,K,-2.5464
folded,W,35,E,-1.8517
folded,W,36,G,-1.1130
folded,W,37,V,-0.4291
folded,W,38,L,0.0000
folded,W,39,Y,0.4472
folded,W,40,V,0.2794
folded,W,41,G,-0.1966
folded,W,42,S,-0.9643
folded,W,43,K,-2.6207
folded,W,44,T,-2.8797
folded,W,45,K,-3.6959
folded,W,46,E,-3.1260
folded,W,47,G,-0.9575
folded,W,48,V,0.8723
folded,W,49,V,0.5116
folded,W,50,H,-0.8518
folded,W,51,G,-0.8392
folded,W,52,V,-0.3165
folded,W,53,A,0.3856
folded,W,54,T,1.2227
folded,W,55,V,1.4720
folded,W,56,A,0.0000
folded,W,57,E,-3.1462
folded,W,58,K,-4.1514
folded,W,59,T,-3.2936
folded,W,60,K,-3.8280
folded,W,61,E,-2.8974
folded,W,62,Q,-0.8038
folded,W,63,V,1.2017
folded,W,64,T,0.8497
folded,W,65,N,-0.1041
folded,W,66,V,0.1748
folded,W,67,G,-0.4288
folded,W,68,G,-0.4966
folded,W,69,A,-0.0654
folded,W,70,V,0.8180
folded,W,71,V,0.6652
folded,W,72,T,0.3449
folded,W,73,G,0.2376
folded,W,74,V,0.6388
folded,W,75,T,0.5524
folded,W,76,A,0.9288
folded,W,77,V,1.2484
folded,W,78,A,-0.0767
folded,W,79,Q,-1.5524
folded,W,80,K,-2.1832
folded,W,81,T,-1.6069
folded,W,82,V,-1.1857
folded,W,83,E,-2.4610
folded,W,84,G,-1.9882
folded,W,85,A,-0.9099
folded,W,86,G,-0.7942
folded,W,87,S,-0.2113
folded,W,88,I,0.3457
folded,W,89,A,0.4077
folded,W,90,A,0.4332
folded,W,91,A,0.1368
folded,W,92,T,0.1591
folded,W,93,G,0.2729
folded,W,94,F,0.7275
folded,W,95,V,0.6270
folded,W,96,K,-1.0293
folded,W,97,K,-1.9281
folded,W,98,D,-1.7868
folded,W,99,Q,-0.9516
folded,W,100,L,1.2743
